Date,Name,Year,Letterboxd URI
2024-09-14,Yojimbo,1961,https://boxd.it/1SRY
2024-09-15,Once Upon a Time in the West,1968,https://boxd.it/2az4
2024-12-13,Dr. Strangelove or: How I Learned to Stop Worrying and Love the Bomb,1964,https://boxd.it/29eY
2024-12-31,Nostalgia,1983,https://boxd.it/28Qi
2024-12-31,Mirror,1975,https://boxd.it/28Q8
2025-01-06,The Insider,1999,https://boxd.it/1ZoE
2025-01-06,The Red Shoes,1948,https://boxd.it/1EXI
2025-01-17,Ford v Ferrari,2019,https://boxd.it/ce74
2025-01-21,Broken Blossoms,1919,https://boxd.it/29kC
2025-01-21,Ordet,1955,https://boxd.it/Jiy
2025-01-22,Sin City,2005,https://boxd.it/2aVk
2025-01-28,Twelve Monkeys,1995,https://boxd.it/2beQ
2025-02-20,The Great Gatsby,2013,https://boxd.it/JY
2025-03-19,Stronger,2017,https://boxd.it/dRqQ
2025-03-19,Road House,2024,https://boxd.it/cdzQ
2025-06-08,Meshes of the Afternoon,1943,https://boxd.it/1sEE
2025-06-08,Suspiria,1977,https://boxd.it/1SNW
2025-06-08,Dreams,1990,https://boxd.it/1ROu
2025-06-08,On the Silver Globe,1988,https://boxd.it/1sAM
2025-06-08,The Passion of Joan of Arc,1928,https://boxd.it/29DO
2025-06-08,Through a Glass Darkly,1961,https://boxd.it/1TrW
2025-06-16,The Battle of Algiers,1966,https://boxd.it/1IRY
2025-07-06,Life as a House,2001,https://boxd.it/1TO2
2025-07-09,The Ugly Stepsister,2025,https://boxd.it/MZBM
2025-07-12,Constantine,2005,https://boxd.it/2a7E
2025-08-05,The Magician,1958,https://boxd.it/1nse
2025-08-05,Belle de Jour,1967,https://boxd.it/29Uq
2025-08-05,The Firemen's Ball,1967,https://boxd.it/15Yc
2025-08-05,Pitfall,1962,https://boxd.it/uXm
2025-08-21,Whisky,2004,https://boxd.it/19n0
2025-08-21,"Jeanne Dielman, 23, quai du Commerce, 1080 Bruxelles",1975,https://boxd.it/T18
2025-08-29,Superbad,2007,https://boxd.it/20hO
2025-09-02,Hiroshima Mon Amour,1959,https://boxd.it/22WY
2025-09-02,Wings of Desire,1987,https://boxd.it/2b26
2025-09-02,In Cold Blood,1967,https://boxd.it/1G62
2025-09-07,The Human Bullet,1968,https://boxd.it/3y9Q
2025-09-07,Psycho,1960,https://boxd.it/2ab2
2025-09-07,American Beauty,1999,https://boxd.it/71Y
2025-09-14,Lord of War,2005,https://boxd.it/284y
2025-09-18,Kin-dza-dza!,1986,https://boxd.it/1CMS
2025-09-24,Bad Taste,1987,https://boxd.it/1Xq4
2025-09-24,Lost Highway,1997,https://boxd.it/29Wc
2025-09-25,1408,2007,https://boxd.it/25Vu
2025-09-25,Trains Are for Dreaming,2009,https://boxd.it/6pty
2025-09-25,Rehearsals for Retirement,2007,https://boxd.it/g46y
2025-09-25,Horace and Pete,2016,https://boxd.it/eqkS
2025-09-25,Superman,2025,https://boxd.it/E9IU
2025-09-27,Thou Gild'st the Even,2013,https://boxd.it/5POK
2025-09-27,Innocence,1997,https://boxd.it/1j9W
2025-09-27,Winter Sleep,2014,https://boxd.it/7Ua0
2025-09-27,Persona,2018,https://boxd.it/nBOM
2025-10-01,Marriage Story,2019,https://boxd.it/hJAw
2025-10-01,The Tree of Life,2011,https://boxd.it/1Zu8
2025-10-04,Frankenweenie,2012,https://boxd.it/bPS
2025-10-06,A Florida Melancholy,2019,https://boxd.it/kcKE
2025-10-06,Strip Nude for Your Killer,1975,https://boxd.it/1UjY
2025-10-06,Elevator to the Gallows,1958,https://boxd.it/294u
2025-10-06,Last Year at Marienbad,1961,https://boxd.it/24Qe
2025-10-06,Jules and Jim,1962,https://boxd.it/28rM
2025-10-06,Purple Noon,1960,https://boxd.it/1WrU
2025-10-06,The Rules of the Game,1939,https://boxd.it/29Es
2025-10-10,Chopper,2000,https://boxd.it/1YtI
2025-10-11,Once Upon a Time in Anatolia,2011,https://boxd.it/2yHG
2025-10-12,The Devil's Advocate,1997,https://boxd.it/286k
2025-10-13,Crimson Tide,1995,https://boxd.it/1ZuM
2025-10-15,Love,2015,https://boxd.it/9brE
2025-10-15,Yi Yi,2000,https://boxd.it/1vCw
2025-10-15,A Brighter Summer Day,1991,https://boxd.it/1Luy
2025-10-15,Le Trou,1960,https://boxd.it/1nSw
2025-10-15,Woman in the Dunes,1964,https://boxd.it/1JNS
2025-10-15,Andrei Rublev,1966,https://boxd.it/29lg
2025-10-15,Sunset Boulevard,1950,https://boxd.it/2a20
2025-10-18,About Dry Grasses,2023,https://boxd.it/oNbO
2025-10-18,Fate,2001,https://boxd.it/ZYU
2025-10-18,The Bandit,1996,https://boxd.it/1sVq
2025-10-21,Over the Garden Wall,2014,https://boxd.it/eqFw
2025-10-21,Bottle Rocket,1996,https://boxd.it/1PDa
2025-10-24,October Sky,1999,https://boxd.it/1Q7u
2025-10-24,Nocturnal Animals,2016,https://boxd.it/bkFu
2025-10-24,Troy,2004,https://boxd.it/29TW
2025-11-02,Barfly,1987,https://boxd.it/1V2a
2025-11-02,Annie Hall,1977,https://boxd.it/29M2
2025-11-02,Midnight in Paris,2011,https://boxd.it/i4a
2025-11-03,The Notebook,2004,https://boxd.it/1UNE
2025-11-03,The Exorcist,1973,https://boxd.it/1Yoo
2025-11-03,Hacksaw Ridge,2016,https://boxd.it/azew
2025-11-03,The Nice Guys,2016,https://boxd.it/94Hg
2025-11-03,Kubo and the Two Strings,2016,https://boxd.it/a4wE
2025-11-05,Sky,2015,https://boxd.it/aZhQ
2025-11-06,Pretty Woman,1990,https://boxd.it/2b6M
2025-11-07,Zeitgeist: The Movie,2007,https://boxd.it/1R0Y
2025-11-07,The Wailing,2016,https://boxd.it/9fLy
2025-11-10,Coffee and Cigarettes,2003,https://boxd.it/29nc
2025-11-10,House,1977,https://boxd.it/1vsm
2025-11-10,Fantastic Planet,1973,https://boxd.it/1KnQ
2025-11-10,Whatever It Takes,2000,https://boxd.it/1KyO
2025-11-12,The Odyssey,2026,https://boxd.it/QFQU
2025-11-13,"4 Months, 3 Weeks and 2 Days",2007,https://boxd.it/27DW
2025-11-13,Ratcatcher,1999,https://boxd.it/1mSg
2025-11-13,L'Eclisse,1962,https://boxd.it/1CoG
2025-11-13,Blow-Up,1966,https://boxd.it/2966
2025-11-13,La Notte,1961,https://boxd.it/10iU
2025-11-13,L'Avventura,1960,https://boxd.it/23hs
2025-11-13,The Passenger,1975,https://boxd.it/1Y8q
2025-11-15,My Dear Brother,1973,https://boxd.it/2P0k
2025-11-21,In My Room,2018,https://boxd.it/hA8y
2025-11-21,Little Fish,2020,https://boxd.it/lAFK
2025-11-21,Take Shelter,2011,https://boxd.it/DQ
2025-11-21,Undine,2020,https://boxd.it/mM3K
2025-11-21,The Vanishing,1988,https://boxd.it/1ZTW
2025-11-21,Sidewalls,2011,https://boxd.it/2EiM
2025-11-21,My Own Private Idaho,1991,https://boxd.it/2ak4
2025-11-22,Napoleon,1927,https://boxd.it/WEC
2025-11-24,Minari,2020,https://boxd.it/mL9M
2025-11-25,Boyhood,2014,https://boxd.it/3178
2025-11-27,Rear Window,1954,https://boxd.it/2a6Q
2025-12-01,Stop Making Sense,1984,https://boxd.it/1ygo
2025-12-01,Distant,2002,https://boxd.it/1k28
2025-12-01,The Man Who Planted Trees,1987,https://boxd.it/FKS
2025-12-02,Children of Men,2006,https://boxd.it/1Y2i
2025-12-03,Freaks,1932,https://boxd.it/2b3o
2025-12-03,1917,2019,https://boxd.it/jj4y
2025-12-03,Run/On,2020,https://boxd.it/pRpC
2025-12-03,Capone,2020,https://boxd.it/fdAU
2025-12-03,Lions in the Corner,2019,https://boxd.it/puWS
2025-12-07,Nobody Knows,2004,https://boxd.it/26E0
2025-12-07,The Handmaiden,2016,https://boxd.it/948A
2025-12-07,Red Beard,1965,https://boxd.it/251m
2025-12-11,Apocalypto,2006,https://boxd.it/28yy
2025-12-21,Two People Exchanging Saliva,2024,https://boxd.it/PM3e
2025-12-21,Better Man,2024,https://boxd.it/u6t8
2025-12-22,Jackie Brown,1997,https://boxd.it/2aVO
2025-12-22,Scum,1979,https://boxd.it/1vK6
2025-12-23,The Worst Person in the World,2021,https://boxd.it/oyws
2025-12-23,Atonement,2007,https://boxd.it/24ui
2026-01-04,"Synecdoche, New York",2008,https://boxd.it/23zw
2026-01-04,Amour,2012,https://boxd.it/34Q6
2026-01-04,The Conformist,1970,https://boxd.it/20cE
2026-01-04,The Last Emperor,1987,https://boxd.it/29Ji
2026-01-04,The Dreamers,2003,https://boxd.it/28X4
2026-01-04,Last Tango in Paris,1972,https://boxd.it/28pw
2026-01-04,The Turin Horse,2011,https://boxd.it/2Qsk
2026-01-09,The Favourite,2018,https://boxd.it/d2hI
2026-01-14,Z,1969,https://boxd.it/26pY
2026-01-15,Voyage to Cythera,1984,https://boxd.it/JS2
2026-01-17,The Invisible Guest,2016,https://boxd.it/euce
2026-01-17,Investigation of a Citizen Above Suspicion,1970,https://boxd.it/1tRY
2026-01-19,The 10th Victim,1965,https://boxd.it/38w
2026-01-19,The Hand of God,2021,https://boxd.it/r5uI
2026-01-25,Hard to Be a God,2013,https://boxd.it/3Ido
2026-01-25,Demons,1971,https://boxd.it/3yiy
2026-01-25,Fireworks,1997,https://boxd.it/22mQ
2026-01-25,Marketa Lazarová,1967,https://boxd.it/1uSS
2026-01-25,In a Glass Cage,1986,https://boxd.it/MnG
2026-01-25,The Fifth Seal,1976,https://boxd.it/2GNW
2026-01-25,Eros + Massacre,1969,https://boxd.it/2HSo
2026-01-25,"O-Bi, O-Ba: The End of Civilization",1985,https://boxd.it/2pHW
2026-01-25,Dead Man's Letters,1986,https://boxd.it/2wKy
2026-01-25,The Ascent,1977,https://boxd.it/Eew
2026-01-25,Pastoral: To Die in the Country,1974,https://boxd.it/3xEI
2026-01-25,Twilight,1990,https://boxd.it/3Igi
2026-01-25,This Transient Life,1970,https://boxd.it/3y8S
2026-01-25,Goyokin,1969,https://boxd.it/GfQ
2026-01-25,The Element of Crime,1984,https://boxd.it/1Zg6
2026-01-25,The Third Part of the Night,1971,https://boxd.it/Miw
2026-01-25,"Khrustalyov, My Car!",1998,https://boxd.it/3rPg
2026-01-25,Suture,1993,https://boxd.it/36oS
2026-01-25,Profound Desires of the Gods,1968,https://boxd.it/D20
2026-01-26,"Je T'Aime, Je T'Aime",1968,https://boxd.it/23P0
2026-01-27,Zorro,1975,https://boxd.it/1GW8
2026-01-28,Compulsion,1959,https://boxd.it/1bHQ
2026-01-29,Fear and Loathing in Las Vegas,1998,https://boxd.it/27Xs
2026-01-29,Man Bites Dog,1992,https://boxd.it/1X7Q
2026-02-01,Write and Fight,1985,https://boxd.it/4J4a
2026-02-02,A Short Film About Killing,1988,https://boxd.it/1VtK
2026-02-02,Vengeance Is Mine,1979,https://boxd.it/XyU
2026-02-02,A Man Vanishes,1967,https://boxd.it/322S
2026-02-02,The Demon,1978,https://boxd.it/4pMm
2026-02-02,Combat Shock,1986,https://boxd.it/1tEg
2026-02-02,Sombre,1998,https://boxd.it/oA2
2026-02-02,"Clean, Shaven",1993,https://boxd.it/28IS
2026-02-06,Training Day,2001,https://boxd.it/27A4
2026-02-08,Lost in Translation,2003,https://boxd.it/2b0E
2026-02-09,Hex,1980,https://boxd.it/46GO
2026-02-10,Point Break,1991,https://boxd.it/2958
2026-02-10,The Silence,1963,https://boxd.it/1TH6
2026-02-10,Souleymane's Story,2024,https://boxd.it/HQVy
2026-02-11,The House That Jack Built,2018,https://boxd.it/dWO4
2026-02-16,The Cremator,1969,https://boxd.it/1H8y
2026-02-16,Kotoko,2011,https://boxd.it/3030
2026-02-16,The Death King,1990,https://boxd.it/1LCM
2026-02-16,A Zed & Two Noughts,1985,https://boxd.it/1g9a
2026-02-16,Begotten,1989,https://boxd.it/28Ie
2026-02-16,Rubber's Lover,1996,https://boxd.it/J4G
2026-02-16,Subconscious Cruelty,2000,https://boxd.it/2l3I
2026-02-16,The Seventh Continent,1989,https://boxd.it/1gB4
2026-02-16,Red Desert,1964,https://boxd.it/1ttW
2026-02-16,Damnation,1988,https://boxd.it/1E28
2026-02-16,Safe,1995,https://boxd.it/1gKU
2026-02-16,An Elephant Sitting Still,2018,https://boxd.it/i1EQ
2026-02-17,Babel,2006,https://boxd.it/292o
2026-02-17,Brazil,1985,https://boxd.it/2be2
2026-02-19,The Return,2003,https://boxd.it/1UpM
2026-02-19,The Enigma of Kaspar Hauser,1974,https://boxd.it/1Tba
2026-02-20,First Reformed,2017,https://boxd.it/go9C
2026-02-20,"Oslo, August 31st",2011,https://boxd.it/2xQC
2026-02-21,The Night of the Hunter,1955,https://boxd.it/25HW
2026-02-21,Onibaba,1964,https://boxd.it/252a
2026-02-21,The Chronology of Water,2025,https://boxd.it/j3pq
2026-02-24,Mysterious Skin,2004,https://boxd.it/1UsG
2026-02-26,The Lovely Month of May,1963,https://boxd.it/4d0q
2026-02-26,Pi,1998,https://boxd.it/2ajq
2026-02-26,Tokyo Story,1953,https://boxd.it/1HuY
2026-03-04,The Secret Life of Walter Mitty,2013,https://boxd.it/3SWy
2026-03-04,One-Eyed Jacks,1961,https://boxd.it/1Gyq
2026-03-05,Husbands,1970,https://boxd.it/zOY
2026-03-08,Ocean's Eleven,2001,https://boxd.it/2aZm
2026-03-09,Guillermo del Toro's Pinocchio,2022,https://boxd.it/kjMW
2026-03-10,Fellini's Casanova,1976,https://boxd.it/Xp4
2026-03-10,La Chinoise,1967,https://boxd.it/28rC
2026-03-10,Tout Va Bien,1972,https://boxd.it/20AQ
2026-03-11,A Dream Longer Than the Night,1976,https://boxd.it/laGW
2026-03-13,Paris Belongs to Us,1961,https://boxd.it/VtS
2026-03-14,Fallen Angels,1995,https://boxd.it/1UkW
2026-03-14,Our Hospitality,1923,https://boxd.it/29Mm
2026-03-14,Nosferatu,1922,https://boxd.it/29TM
2026-03-14,The Doll,1919,https://boxd.it/IUw
2026-03-14,City Lights,1931,https://boxd.it/29ki
2026-03-14,Popeye the Sailor Meets Sindbad the Sailor,1936,https://boxd.it/2f70
2026-03-15,A Dog's Life,1918,https://boxd.it/1b5s
2026-03-15,Greed,1924,https://boxd.it/28Pa
2026-03-15,Metropolis,1927,https://boxd.it/71a
